Name,Kategorie,Eigenschaften/Domäne,Verwandtschaft,Ereignisse mit anderen Göttern,Gefühle/Beziehung zu anderen
Zeus,Olympier,"Himmel, Blitz, Donner, Herrschaft",Sohn von Kronos und Rhea,"Stürzte Kronos, besiegte Titanen, viele Affären","Respektiert, oft im Konflikt mit Hera"
Hera,Olympier,"Ehe, Familie, Geburt",Tochter von Kronos und Rhea,Verfolgte Zeus' Geliebte und uneheliche Kinder,"Eifersüchtig, beschützend gegenüber der Ehe"
Poseidon,Olympier,"Meer, Erdbeben, Pferde",Sohn von Kronos und Rhea,"Wettstreit mit Athene, baute Trojas Mauern","Aufbrausend, Rivalität mit Athene"
Hades,Unterweltgott,"Unterwelt, Reichtum",Sohn von Kronos und Rhea,Entführte Persephone,"Liebt Persephone, isoliert, unerbittlich"
Demeter,Olympier,"Ackerbau, Fruchtbarkeit",Tochter von Kronos und Rhea,"Suchte Persephone, entzog Erdfruchtbarkeit","Tiefe Liebe zu Persephone, Zorn auf Hades"
Athene,Olympier,"Weisheit, Strategie, Handwerk",Tochter von Zeus (Kopfgeburt),"Half Perseus, Odysseus, Herakles","Lieblingstochter, Feindschaft mit Ares"
Ares,Olympier,"Krieg, Massaker",Sohn von Zeus und Hera,"Affäre mit Aphrodite, im Trojakrieg verletzt","Verachtet von Zeus, geliebt von Aphrodite"
Aphrodite,Olympier,"Liebe, Schönheit",Schaumgeboren (oder Zeus/Dione),"Ehe mit Hephaistos, Affäre mit Ares","Abneigung gegen Hephaistos, liebt Ares"
Hephaistos,Olympier,"Feuer, Schmiedekunst",Sohn von Hera,Fing Aphrodite und Ares im Netz,"Groll gegen Hera, freundlich zu Athene"
Apollon,Olympier,"Licht, Musik, Heilkunst",Sohn von Zeus und Leto,"Tötete Python, unterstützte Troja","Beschützend zu Artemis, oft unglücklich verliebt"
Artemis,Olympier,"Jagd, Wald, Mond",Tochter von Zeus und Leto,"Verwandelte Aktaion, tötete Orion","Loyal zu Apollon, meidet Männer"
Hermes,Olympier,"Götterbote, Handel, Diebe",Sohn von Zeus und Maia,"Stahl Apollons Rinder, geleitet Seelen","Listig, freundschaftlich mit Apollon"
Dionysos,Olympier,"Wein, Ekstase, Theater",Sohn von Zeus und Semele,"Von Hera verfolgt, rettete Ariadne","Feindschaft mit Pentheus, bringt Chaos"
Hestia,Olympier,"Herdfeuer, Familie",Tochter von Kronos und Rhea,Verzichtete auf Olympplatz für Dionysos,"Friedfertig, neutral, hoch respektiert"
Kronos,Titan,"Zeit, Ernte",Sohn von Uranos und Gaia,"Kastrierte Uranos, fraß eigene Kinder","Paranoid, hasst Uranos und Zeus"
Rhea,Titanin,"Fruchtbarkeit, Mutterschaft",Tochter von Uranos und Gaia,Versteckte Zeus vor Kronos,"Mütterliche Liebe, Groll gegen Kronos"
Uranos,Primordialgott,Himmel,Sohn/Ehemann von Gaia,Sperrte Kinder in Tartaros,"Hass auf Kinder, Furcht vor Entmachtung"
Gaia,Primordialgott,Erde,Entstand aus Chaos,"Stiftete Kronos an, gebar Typhon","Beschützend, rachsüchtig"
Eros,Primordialgott,"Liebe, Begierde",Aus Chaos (oder Sohn der Aphrodite),Verliebte sich in Psyche,"Machtvoll über Götter, treu zu Psyche"
Persephone,Unterweltgöttin,"Frühling, Königin der Unterwelt",Tochter von Zeus und Demeter,Von Hades entführt,"Liebt Demeter, arrangiert sich mit Hades"
Helios,Titan,Sonne,Sohn von Hyperion und Theia,Sah Entführung der Persephone,"Allsehend, freundlich"
Selene,Titanin,Mond,Tochter von Hyperion und Theia,Liebte Endymion,"Sanft, verliebt"
Eos,Titanin,Morgenröte,Tochter von Hyperion und Theia,Liebte Tithonos,"Oft verliebt, traurig"
Nyx,Primordialgott,Nacht,Aus Chaos,"Gebar Thanatos, Hypnos","Von Zeus gefürchtet, unnahbar"
Erebus,Primordialgott,Finsternis,Aus Chaos,Zeugte Aither und Hemera,Neutral
Tartaros,Primordialgott,Unterwelt-Abgrund,Aus Chaos,"Gefängnis der Titanen, zeugte Typhon",Feindselig zu Olympiern
Chaos,Primordialgott,"Ursprung, Leere",Erstes Wesen,"Gebar Gaia, Tartaros, Eros",Neutral
Pontos,Primordialgott,Das Meer,Sohn von Gaia,"Zeugte Nereus, Phorkys",Repräsentiert Ur-Meer
Oceanus,Titan,Weltstrom,Sohn von Uranos und Gaia,Zeugte Okeaniden,"Distanziert, neutral"
Tethys,Titanin,"Süßwasser, Meeresmutter",Tochter von Uranos und Gaia,Zog Hera auf,Liebevoll zu Hera
Hyperion,Titan,Licht,Sohn von Uranos und Gaia,Vater der Himmelsgestirne,"Wenig Interaktion, im Tartaros"
Theia,Titanin,Glanz,Tochter von Uranos und Gaia,"Mutter von Helios, Selene, Eos",Verleiht Gold Glanz
Koios,Titan,Intelligenz,Sohn von Uranos und Gaia,Vater von Leto,Großvater von Apollon
Phoibe,Titanin,Prophezeiung,Tochter von Uranos und Gaia,Mutter von Leto,Ehemaliger Orakelbesitz
Iapetos,Titan,Sterblichkeit,Sohn von Uranos und Gaia,"Vater von Prometheus, Atlas",Feind von Zeus
Mnemosyne,Titanin,Erinnerung,Tochter von Uranos und Gaia,Gebar die Musen mit Zeus,Respektiert von Zeus
Themis,Titanin,Gerechtigkeit,Tochter von Uranos und Gaia,Mutter der Moiren und Horen,Beraterin des Zeus
Krios,Titan,Sternbilder,Sohn von Uranos und Gaia,Vater von Perses,Im Tartaros
Leto,Titanin,Mutterschaft,Tochter von Koios und Phoibe,Von Hera gejagt,"Schützend zu Zwillingen, fürchtet Hera"
Prometheus,Titan,"Voraussicht, Schöpfer",Sohn von Iapetos,"Stahl das Feuer, von Zeus bestraft","Liebt Menschen, listig"
Epimetheus,Titan,Nachsicht,Sohn von Iapetos,Nahm Pandora an,"Leichtgläubig, bedauernd"
Atlas,Titan,"Ausdauer, Astronomie",Sohn von Iapetos,Trägt den Himmel nach Titanomachie,"Verbittert, erschöpft"
Hekate,Unterweltgöttin,"Magie, Kreuzwege",Tochter von Perses und Asteria,Half Demeter bei Suche,"Geheimnisvoll, mächtig"
Pan,Naturgott,"Hirten, Wildnis",Sohn von Hermes,Erfand Panflöte,"Lüstern, furchteinflößend"
Eris,Personifikation,Zwietracht,Tochter der Nyx,Warf Zankapfel,"Bösartig, ungeliebt"
Nemesis,Personifikation,Vergeltung,Tochter der Nyx,Bestrafte Narziss,"Unerbittlich, gerecht"
Nike,Personifikation,Sieg,Tochter von Pallas und Styx,Begleitet Zeus,Loyal zu Zeus
Hebe,Olympier/Minor,Jugend,Tochter von Zeus und Hera,Heiratete Herakles,"Gehorsam, versöhnte Hera"
Iris,Personifikation,"Regenbogen, Botin",Tochter von Thaumas,Diente Hera,Loyal zu Hera
Hypnos,Unterweltgott,Schlaf,Sohn der Nyx,Schläferte Zeus ein,"Sanft, fürchtet Zeus"
Thanatos,Unterweltgott,Tod,Sohn der Nyx,Von Sisyphos gefesselt,"Unerbittlich, hasst Sterbliche"
Tyche,Personifikation,"Glück, Schicksal",Tochter von Oceanus,Verteilt Glück und Pech,Unberechenbar
Asklepios,Minor,Heilkunst,Sohn von Apollon,Von Zeus getötet wegen Totenerweckung,"Sorgend, im Konflikt mit Hades"
Morpheus,Unterweltgott,Träume,Sohn von Hypnos,Erscheint Königen im Traum,"Respektvoll, formwandelnd"
Phobos,Personifikation,Furcht,Sohn von Ares und Aphrodite,Begleitet Ares,Treu zu Ares
Deimos,Personifikation,Schrecken,Sohn von Ares und Aphrodite,Begleitet Ares,Treu zu Ares
Aither,Primordialgott,"Obere Luft, Licht",Sohn von Erebus und Nyx,Bildet Himmelsäther,Hoch erhaben
Hemera,Primordialgott,Tag,Tochter von Erebus und Nyx,Wechselt mit Nyx ab,Friedlich mit Nyx
Thalassa,Primordialgott,Das Meer,Tochter von Aither und Hemera,Mutter der Fische,"Elementar, distanziert"
Triton,Meeresgott,Bote der Tiefe,Sohn von Poseidon und Amphitrite,Beruhigt Wellen mit Horn,Loyal zu Poseidon
Proteus,Meeresgott,"Vorhersage, Formwandler",Meeresgott,Von Menelaos gefangen,"Widerspenstig, weise"
Glaukos,Meeresgott,Prophetie der See,Sterblicher Fischer (vergöttlicht),Liebte Skylla,Sympathisiert mit Seeleuten
Amphitrite,Meeresgöttin,Königin des Meeres,Tochter von Nereus,Heiratete Poseidon,"Sanfter als Hera, teils eifersüchtig"
Boreas,Windgott,Nordwind,Sohn von Astraios und Eos,Entführte Oreithyia,"Wild, zornig"
Zephyros,Windgott,Westwind,Sohn von Astraios und Eos,Liebte Hyakinthos,"Sanft, eifersüchtig"
Notos,Windgott,Südwind,Sohn von Astraios und Eos,Bringt Stürme,Gefürchtet
Euros,Windgott,Ostwind,Sohn von Astraios und Eos,Begleitet oft andere Winde,Neutral
Aiolos,Gott der Winde,Herrscher der Winde,Sohn von Hippotes,Half Odysseus,"Respektiert, hilfsbereit"
Harmonia,Personifikation,Eintracht,Tochter von Ares und Aphrodite,Heiratete Kadmos,Verbindend
Eileithyia,Olympier/Minor,Geburt,Tochter von Zeus und Hera,Verzögerte Herakles' Geburt,Gehorsam zu Hera
Geras,Personifikation,Alter,Sohn der Nyx,Herakles rang mit ihm,"Unausweichlich, bedrückend"
Momos,Personifikation,"Spott, Tadel",Sohn der Nyx,Vom Olymp verbannt,"Verachtet, nervig"
Oizys,Personifikation,"Kummer, Jammer",Tochter der Nyx,Begleitet Leid,"Düster, deprimierend"
Apate,Personifikation,Täuschung,Tochter der Nyx,Befand sich in Pandoras Büchse,Arglistig
Philotes,Personifikation,"Freundschaft, Zuneigung",Tochter der Nyx,Personifiziert sexuelle/freundschaftliche Liebe,"Positiv, verbindend"
Phthonos,Personifikation,Neid,Sohn von Dionysos,Stachelt Götter an,Gehässig
Zelos,Personifikation,Eifer,Sohn von Pallas und Styx,Begleitet Zeus,"Wetteifernd, loyal"
Bia,Personifikation,"Gewalt, Kraft",Tochter von Pallas und Styx,Half beim Anketten von Prometheus,"Grob, gehorsam"
Kratos,Personifikation,"Macht, Stärke",Sohn von Pallas und Styx,Befahl Anketten von Prometheus,"Herrschsüchtig, loyal"
Mete,Personifikation,Rausch,Begleiterin von Dionysos,Nimmt an Symposien teil,"Exzessiv, fröhlich"
Priapos,Fruchtbarkeitsgott,Zeugungskraft,Sohn von Dionysos und Aphrodite,Verflucht von Hera,"Lüstern, oft verspottet"
Hymenaios,Minor,Heirat,Sohn von Apollon,Schutzgott der Hochzeiten,"Festlich, liebend"
Plutos,Minor,Reichtum,Sohn von Demeter,Von Zeus geblendet,Unparteiisch
Despoina,Unterweltgöttin,Mysterien,Tochter von Poseidon und Demeter,Wahrer Name geheim,Mystisch
Melinoe,Unterweltgöttin,"Geister, Wahnsinn",Tochter von Persephone,Bringt Alpträume,Unheimlich
Makaria,Unterweltgöttin,Gesegneter Tod,Tochter von Hades,Empfängt gerechte Seelen,"Gnädig, sanft"
Astraios,Titan,Abenddämmerung,Sohn von Krios und Eurybia,Vater der Winde,Neutral
Pallas,Titan,Kriegskunst,Sohn von Krios und Eurybia,Von Athene getötet,Kriegerisch
Perses,Titan,Zerstörung,Sohn von Krios und Eurybia,Vater von Hekate,Zerstörerisch
Kalliope,Muse,Epische Dichtung,Tochter von Zeus und Mnemosyne,Richterin im Streit um Adonis,"Weise, eloquent"
Klio,Muse,Geschichtsschreibung,Tochter von Zeus und Mnemosyne,Führte das Alphabet in Griechenland ein,"Erinnernd, ordnend"
Erato,Muse,Liebesdichtung,Tochter von Zeus und Mnemosyne,Inspiriert Liebeslieder,"Leidenschaftlich, sanft"
Euterpe,Muse,"Musik, Lyrik",Tochter von Zeus und Mnemosyne,Erfand den Aulos (Flöte),"Fröhlich, musikalisch"
Melpomene,Muse,Tragödie,Tochter von Zeus und Mnemosyne,Mutter einiger Sirenen,"Ernst, tragisch"
Polyhymnia,Muse,"Hymnen, Pantomime",Tochter von Zeus und Mnemosyne,Erfand die Leier,"Nachdenklich, still"
Terpsichore,Muse,Tanz,Tochter von Zeus und Mnemosyne,Mutter der Sirenen (Variante),"Lebhaft, rhythmisch"
Thalia,Muse,Komödie,Tochter von Zeus und Mnemosyne,Inspirierte ländliche Poesie,"Heiter, spöttisch"
Urania,Muse,Astronomie,Tochter von Zeus und Mnemosyne,Zeigt Position der Sterne,"Erhaben, himmlisch"
Klotho,Moire,Schicksalsfaden spinnen,Tochter von Zeus und Themis,Entscheidet wann Leben beginnt,"Unerbittlich, ordnend"
Lachesis,Moire,Schicksalsfaden bemessen,Tochter von Zeus und Themis,Bestimmt Lebenslänge,"Neutral, kalkulierend"
Atropos,Moire,Schicksalsfaden durchschneiden,Tochter von Zeus und Themis,Bringt den Tod,"Gefürchtet, absolut"
Alekto,Erinye,Unaufhörlicher Zorn,Aus Blut des Uranos,Verfolgte Orestes,"Rachsüchtig, wütend"
Megaira,Erinye,"Neid, Eifersucht",Aus Blut des Uranos,Bestraft Ehebrecher,"Missgünstig, strafend"
Tisiphone,Erinye,Mordvergeltung,Aus Blut des Uranos,Bewacht das Tor zum Tartaros,Grausam zu Mördern
Aglaia,Charis,"Glanz, Pracht",Tochter von Zeus und Eurynome,Zweite Frau des Hephaistos,"Strahlend, freundlich"
Euphrosyne,Charis,Frohsinn,Tochter von Zeus und Eurynome,Begleitet Aphrodite,"Heiter, freudig"
Thalia-Charis,Charis,"Fülle, Blüte",Tochter von Zeus und Eurynome,Tanzt mit Musen auf Olymp,Anmutig
Eunomia,Hore,Gute Gesetzgebung,Tochter von Zeus und Themis,Erhält staatliche Ordnung,"Strukturiert, ordnend"
Dike,Hore,Gerechtigkeit,Tochter von Zeus und Themis,Berichtet Zeus von Ungerechtigkeit,"Streng, unbestechlich"
Eirene,Hore,Frieden,Tochter von Zeus und Themis,Bringt Wohlstand,Friedfertig
Thallo,Hore,"Frühling, Knospen",Tochter von Zeus und Themis,Schützt die sprossende Saat,Nährend
Auxo,Hore,Wachstum,Tochter von Zeus und Themis,Fördert das Pflanzenwachstum,Lebensspendend
Karpo,Hore,"Ernte, Früchte",Tochter von Zeus und Themis,Begleitet Apollon und Aphrodite,Vollendend
Medusa,Gorgone,Versteinernder Blick,Tochter von Phorkys und Keto,Von Perseus enthauptet,"Verflucht, tragisch"
Stheno,Gorgone,Mächtige,Tochter von Phorkys und Keto,Tötete viele Menschen,"Unsterblich, grausam"
Euryale,Gorgone,Weitspringende,Tochter von Phorkys und Keto,Trauerte um Medusa mit Schreien,"Unsterblich, klagend"
Deino,Graie,Schrecken,Tochter von Phorkys und Keto,Teilte sich ein Auge mit Schwestern,"Gruselig, blind"
Enyo (Graie),Graie,Kriegerisch,Tochter von Phorkys und Keto,Wurde von Perseus erpresst,Widerwillig
Pemphredo,Graie,Alarm,Tochter von Phorkys und Keto,Bewachte Weg zu Gorgonen,Wachsam
Styx,Flussgöttin,"Hass, Eidfluss",Tochter von Oceanus,Zeus schwor unbrechbare Eide auf sie,"Mächtig, gefürchtet"
Acheron,Flussgott,Leid,Sohn von Oceanus,Charon fährt über ihn,Trübsinnig
Lethe,Flussgöttin,Vergessen,Tochter der Nyx,"Seelen trinken, um früheres Leben zu vergessen","Löschend, neutral"
Phlegethon,Flussgott,Feuer,Sohn von Oceanus,Fließt durch Tartaros,"Heiß, strafend"
Kokytos,Flussgott,Wehklagen,Sohn von Oceanus,Fließt durch Unterwelt,"Klagend, eiskalt"
Hygieia,Heilgöttin,"Gesundheit, Reinheit",Tochter von Asklepios,Begleitet Asklepios,"Sauber, heilend"
Panakeia,Heilgöttin,Allheilmittel,Tochter von Asklepios,Besitzt Trank zur Heilung aller Krankheiten,"Sorgend, mächtig"
Iaso,Heilgöttin,Genesung,Tochter von Asklepios,Fördert Heilungsprozesse,"Sanft, tröstend"
Aigle,Heilgöttin,Strahlende Gesundheit,Tochter von Asklepios,Personifikation des gesunden Glanzes,Strahlend
Epione,Heilgöttin,Linderung,Ehefrau von Asklepios,Lindert Schmerzen,Tröstend
Anteros,Liebesgott,"Gegenliebe, Rächer der Verschmähten",Sohn von Ares und Aphrodite,Rächt unerwiderte Liebe,"Gerecht, leidenschaftlich"
Himeros,Liebesgott,Heißes Verlangen,Sohn von Ares und Aphrodite,Begleitete Aphrodite bei Geburt,Ungestüm
Pothos,Liebesgott,Sehnsucht,Sohn von Ares und Aphrodite,Teil des Gefolges der Aphrodite,Schmachtend
Hedylogos,Liebesgott,Schmeichelei,Sohn von Ares und Aphrodite,Zieht Wagen der Aphrodite,Süßholzraspelnd
Thetis,Nereide,Anführerin der Nereiden,Tochter von Nereus und Doris,Mutter von Achilleus,"Beschützend, verzweifelt um Sohn"
Galateia,Nereide,Milchweiße,Tochter von Nereus und Doris,"Liebte Akis, floh vor Polyphem","Sanft, flüchtig"
Psamathe,Nereide,Sandstrand,Tochter von Nereus und Doris,Mutter von Phokos,Transformierte in Robbe
Doris,Okeanide,Reichtum des Meeres,Tochter von Oceanus,Mutter der 50 Nereiden,"Fruchtbar, mütterlich"
Klymene,Okeanide,Ruhm,Tochter von Oceanus,Mutter von Prometheus und Atlas,Leidend wegen Söhnen
Arethusa,Nereide/Nymphe,Quellen,Tochter von Nereus (oder Oceanus),"Floh vor Alpheios, in Quelle verwandelt","Flüchtig, rein"
Aergia,Personifikation,Faulheit,Tochter von Aither und Gaia,Bewacht den Hof des Hypnos,"Träge, schläfrig"
Aidos,Personifikation,"Scham, Respekt",Tochter von Prometheus,Verließ die Erde im Eisernen Zeitalter,"Sittsam, enttäuscht"
Alala,Personifikation,Kriegsgeschrei,Tochter von Polemos,Begleitet Ares in die Schlacht,"Laut, kriegerisch"
Alastor,Personifikation,Blutrache,Sohn der Nyx,Verfolgt Familienmörder,Gnadenlos
Amechania,Personifikation,Hilflosigkeit,Gefährtin von Penia,Plagt die Armen,Lähmend
Anaideia,Personifikation,Rücksichtslosigkeit,Gegensatz zu Aidos,Begleitet Hybris,"Frech, unverschämt"
Androktasiai,Personifikation,Gemetzel,Töchter der Eris,Auf Schlachtfeldern präsent,Grausam
Angelia,Personifikation,Botschaft,Tochter von Hermes,Überbringt Nachrichten,Schnell
Aporia,Personifikation,Ratlosigkeit,Begleiterin von Amechania,Führt zu Verzweiflung,Verwirrend
Arai,Personifikation,Flüche,Schwestern der Erinyen,Führen Flüche aus,Rachsüchtig
Arete,Personifikation,Tugend,Von Herakles am Scheideweg gewählt,"Verspricht harten Weg, aber Ruhm","Erhaben, streng"
Ate,Personifikation,"Verblendung, Ruin",Tochter von Zeus oder Eris,Wurde von Zeus vom Olymp geworfen,"Verwirrend, schädlich"
Dysnomia,Personifikation,Gesetzlosigkeit,Tochter der Eris,Begleitet Ate,Rebellisch
Eireisone,Personifikation,Erntesegen,Personifizierter Olivenzweig,Wird bei Festen getragen,"Festlich, nährend"
Ekecheiria,Personifikation,Waffenstillstand,Verheiratet mit Olympischen Spielen,Stoppt Kriege für Sport,Friedenstiftend
Eleos,Personifikation,Mitleid,Hat Altar in Athen,Gewährt Flüchtlingen Asyl,Barmherzig
Elpis,Personifikation,Hoffnung,Befand sich in Pandoras Büchse,Blieb als einzige bei den Menschen,"Tröstend, ausdauernd"
Enyo,Göttin,Kriegsherrin,Tochter von Zeus und Hera,Wütet mit Ares,"Blutrünstig, unerbittlich"
Epiales,Personifikation,Alpträume,Sohn der Nyx,Plagt Schlafende,Gruselig
Epiphron,Personifikation,Umsicht,Sohn von Erebos und Nyx,Sorgt für Vorsicht,Besonnen
Eukleia,Personifikation,Guter Ruf,Tochter von Hephaistos und Aglaia,Wird von Bräuten geehrt,Ehrenhaft
Eulabeia,Personifikation,"Vorsicht, Diskretion",Gegensatz zu Hybris,Berät Götter,Umsichtig
Eupheme,Personifikation,Gutes Omen,Begleiterin der Musen,Fördert positive Worte,Unterstützend
Eusebeia,Personifikation,Frömmigkeit,Begleiterin von Dike,Fördert Respekt vor Göttern,Andächtig
Euthenia,Personifikation,Wohlstand,Tochter von Hephaistos und Aglaia,Erscheint mit Demeter,Üppig
Hedone,Personifikation,"Lust, Genuss",Tochter von Eros und Psyche,Später verehrt als römisches Voluptas,Sinnlich
Heimarmene,Personifikation,Zwangsläufiges Schicksal,Schwester der Moiren,Bringt unausweichliche Ereignisse,Unbeugsam
Homonoia,Personifikation,Eintracht im Staat,Tochter von Praxidike,Verhindert Bürgerkrieg,Einigend
Horkos,Personifikation,Eid,Sohn der Eris,Bestraft Meineidige gnadenlos,"Streng, strafend"
Horme,Personifikation,Tatendrang,Treibt Menschen an,Kann zu Übermut führen,Energiegeladen
Hybris,Personifikation,Hochmut,Mutter von Koros,Provoziert göttlichen Zorn,"Arrogant, überheblich"
Keres,Personifikation,Todesgeschicke,Töchter der Nyx,Trinken Blut der Gefallenen,"Grausam, todbringend"
Koalemos,Personifikation,Dummheit,Begleiter von Ate,Führt Menschen in Fehler,Einfältig
Kydoimos,Personifikation,Schlachtlärm,Gefolge des Ares,Verwirrt Krieger,"Laut, chaotisch"
Limos,Personifikation,Hunger,Tochter der Eris,Gegenspielerin von Demeter,Auszehrend
Litae,Personifikation,"Gebete, Bitten",Töchter von Zeus,Folgen Ate und reparieren Schaden,"Sanft, heilend"
Lyssa,Personifikation,"Tollwut, blinde Wut",Tochter der Nyx,Trieb Herakles in den Wahnsinn,Unkontrollierbar
Machai,Personifikation,Schlachten,Töchter der Eris,Kämpfen neben Ares,Kriegerisch
Mania,Personifikation,Wahnsinn,Eng verwandt mit Lyssa,Bringt geistige Verwirrung,Irrational
Moira,Personifikation,Das Schicksal (Singular),Oft über den Göttern stehend,Zeus unterwirft sich ihr oft,Übermächtig
Moros,Personifikation,Verhängnis,Sohn der Nyx,Bringt das unvermeidliche Ende,Unabwendbar
Neikea,Personifikation,Zankereien,Töchter der Eris,Verursachen kleine Streits,"Nervig, störend"
Nomos,Personifikation,Gesetz,Ehemann von Eusebeia,Ordnet das Zusammenleben,"Streng, regulierend"
Olethros,Personifikation,Verderben,Begleiter von Keres,Zerstört Städte,Zerstörerisch
Palioxis,Personifikation,Rückzug im Kampf,Begleitet Flucht auf dem Schild,"Feige, panisch",
Peitho,Personifikation,Überredung,Begleiterin von Aphrodite,Half bei Verführung der Helena,"Rhetorisch, charmant"
Penia,Personifikation,Armut,Mutter von Eros (laut Platon),Treibt Menschen zur Arbeit,Entbehrend
Penthos,Personifikation,Trauer,Nachfahre der Nyx,Begleitet Beerdigungen,"Traurig, klagend"
Pheme,Personifikation,"Gerücht, Ruhm",Tochter von Gaia,Hat unzählige Augen und Zungen,"Geschwätzig, unkontrollierbar"
Philophrosyne,Personifikation,Freundlichkeit,Tochter von Hephaistos und Aglaia,Begleitet die Chariten,"Sanft, einladend"
Phonoi,Personifikation,Morde,Töchter der Eris,Begleiten Ares,Blutrünstig
Phrike,Personifikation,Schauder,Begleitet Phobos,Lässt Krieger erstarren,"Kalt, erschreckend"
Pistis,Personifikation,Vertrauen,Pendant zur römischen Fides,Bewahrt Verträge,Verlässlich
Poine,Personifikation,Vergeltungsstrafe,Begleiterin der Nemesis,Vollstreckt Urteile,Strafend
Polemos,Personifikation,Der Krieg,Ehemann von Enyo,Vater von Alala,Aggressiv
Ponos,Personifikation,Harte Arbeit,Sohn der Eris,Gegensatz zu Aergia,"Erschöpfend, fleißig"
Poros,Personifikation,"Reichtum, Findigkeit",Vater von Eros (Platon),Verführt von Penia im Rausch,Erfinderisch
Proioxis,Personifikation,Vorstürmen im Kampf,Gegensatz zu Palioxis,Treibt Krieger an,"Mutig, aggressiv"
Ptokheia,Personifikation,Bettelei,Schwester von Penia,Wird verachtet,Demütig
Sophrosyne,Personifikation,Mäßigung,Verließ Erde mit Aidos,Bewahrt vor Hybris,Ausgeglichen
Soter,Personifikation,Rettung (männlich),Oft Beiname von Zeus,Erscheint in höchster Not,Errettend
Soteria,Personifikation,Rettung (weiblich),Ehefrau von Soter,Schützt Städte,Schützend
Thrasos,Personifikation,Verwegenheit,Führt oft zu Ruin,Übertriebener Mut,Leichtsinnig
Aisa,Personifikation,Das Los,Ähnlich den Moiren,Bestimmt Lebensanteil,Gerecht
Phantasos,Unterweltgott,Surreale Träume,Sohn von Hypnos,Nimmt Form unbelebter Objekte an,"Kreativ, bizarr"
Phobetor,Unterweltgott,Alpträume (Tiere),Sohn von Hypnos,Erscheint als wildes Tier,Erschreckend
Kabeiroi,Minor,Mysterien-Götter,Söhne von Hephaistos,"Beschützen Seeleute, Mysterienkulte","Geheimnisvoll, hilfreich"
Daktylen,Minor,Metallurgie,Von Rhea auf dem Ida geboren,Erfanden Eisenverarbeitung,"Geschickt, klein"
Telchinen,Minor,"Magie, Schmiede",Kinder von Thalassa,"Verflucht, weil sie das Wetter manipulierten","Bösartig, handwerklich begabt"
Aktaie,Nereide,Felsige Küste,Tochter von Nereus und Doris,Treibt in den Klippen,Wild
Autonoe,Nereide,Eigene Gedanken,Tochter von Nereus und Doris,Lebt im Meer,Unabhängig
Doto,Nereide,Sichere Seefahrt,Tochter von Nereus und Doris,Schützt Schiffe,Hilfreich
Eukrante,Nereide,Erfolgreiche Fahrt,Tochter von Nereus und Doris,Bringt Fische in Netze,Großzügig
Eudore,Nereide,Gute Gaben,Tochter von Nereus und Doris,Beschenkt Fischer,Wohlwollend
Galene,Nereide,Ruhige See,Tochter von Nereus und Doris,Beruhigt Stürme,"Sanft, friedlich"
Glauke,Nereide,Blaugrünes Wasser,Tochter von Nereus und Doris,Spiegelt das Meer wider,Schön
Halie,Nereide,Das Salzwasser,Tochter von Nereus und Doris,Essenz des Meeres,"Salzig, rein"
Kymo,Nereide,Wellen,Tochter von Nereus und Doris,Surft auf Wogen,Spielerisch
Nesaie,Nereide,Inseln,Tochter von Nereus und Doris,Schützt Eilande,"Isoliert, beschützend"
Panopeia,Nereide,Weite Aussicht,Tochter von Nereus und Doris,Beobachtet von Klippen,Wachsam
Pherousa,Nereide,Die Tragende,Tochter von Nereus und Doris,Hilft Booten über Wellen,Stark
Pontoporeia,Nereide,Meeresüberquerung,Tochter von Nereus und Doris,Schützt lange Seereisen,Ausdauernd
Pronoe,Nereide,Voraussicht,Tochter von Nereus und Doris,Warnt vor Stürmen,Klug
Sao,Nereide,Rettung,Tochter von Nereus und Doris,Rettet Ertrinkende,Barmherzig
Speio,Nereide,Meereshöhlen,Tochter von Nereus und Doris,Lebt in Grotten,Geheimnisvoll
Thaleia,Nereide,Blühendes Meer,Tochter von Nereus und Doris,Bringt Leben ins Meer,Lebhaft
Themisto,Nereide,Gesetz des Meeres,Tochter von Nereus und Doris,Straft Piraten,"Gerecht, streng"
Thoë,Nereide,Die Schnelle,Tochter von Nereus und Doris,Schwimmt rasant,Flink
Kymothoe,Nereide,Wellenläuferin,Tochter von Nereus und Doris,Treibt auf dem Schaum,Elegant
Alpheios,Flussgott,Fluss Alpheios,Sohn von Oceanus,Jagt Arethusa unter dem Meer,"Besessen, ausdauernd"
Skamandros,Flussgott,Fluss Skamandros,Sohn von Oceanus,"Kämpfte gegen Achilleus, von Hephaistos verbrannt","Zornig, heimatverbunden"
Acheloos,Flussgott,Fluss Acheloos,Sohn von Oceanus,Kämpfte als Stier gegen Herakles um Deianeira,"Mächtig, wandelbar"
Asopos,Flussgott,Fluss Asopos,Sohn von Oceanus,Zeus entführte seine Tochter Aigina,"Trauernd, machtlos gegen Zeus"
Inachos,Flussgott,Fluss Inachos,Sohn von Oceanus,"Vater der Io, trocknete aus",Verzweifelt
Kephisos,Flussgott,Fluss Kephisos,Sohn von Oceanus,Vater des Narziss,Sorgend
Peneios,Flussgott,Fluss Peneios,Sohn von Oceanus,"Vater der Daphne, verwandelte sie in Lorbeer","Schützend, traurig"
Spercheios,Flussgott,Fluss Spercheios,Sohn von Oceanus,Achilleus weihte ihm sein Haar,Respektiert
Strymon,Flussgott,Fluss Strymon,Sohn von Oceanus,Vater des Königs Rhesos,Trauernd um Rhesos
Ilissos,Flussgott,Fluss Ilissos,Sohn von Oceanus,Kleiner Fluss in Athen,Bescheiden
Kithairon,Berggott,Berg Kithairon,Sohn von Gaia,Ort des Pentheus-Todes,"Wild, ungezähmt"
Helikon,Berggott,Berg Helikon,Sohn von Gaia,Heimat der Musen,"Inspirierend, heilig"
Olymp,Berggott,Berg Olymp,Sohn von Gaia,Sitz der Götter,"Erhaben, unnahbar"
Parnass,Berggott,Berg Parnass,Sohn von Gaia,Ort des Orakels von Delphi,"Heilig, prophetisch"
Athos,Berggott,Berg Athos,Sohn von Gaia,Gigant warf den Berg,Massiv
Oita,Berggott,Berg Oita,Sohn von Gaia,Ort des Herakles-Scheiterhaufens,"Tragisch, hoch"
Ida,Berggott,Berg Ida,Sohn von Gaia,Ort der Geburt des Zeus,Schützend
Dikte,Berggott,Berg Dikte,Sohn von Gaia,Höhle des Zeus,Versteckt
Tmolos,Berggott,Berg Tmolos,Sohn von Gaia,Richter im Musikwettstreit (Pan/Apollon),"Gerecht, musikalisch"
Nysa,Berggott,Berg Nysa,Sohn von Gaia,Aufzuchtsort des Dionysos,"Üppig, festlich"
Aristaios,Naturgott,"Imkerei, Käse, Jagd",Sohn von Apollon und Kyrene,Verursachte Eurydikes Tod,"Nützlich, aber teils tragisch"
Britomartis,Naturgöttin,"Netze, Jagd",Tochter von Zeus und Karme,"Floh vor Minos, wurde zur Göttin Diktynna","Flüchtig, unabhängig"
Kybele,Muttergöttin,"Natur, Höhlen","Urspr. phrygisch, mit Rhea gleichgesetzt","Liebte Attis, trieb ihn in Wahnsinn","Wild, orgiastisch"
Korybanten,Minor,Waffentanz,Gefolge der Kybele,Übertönten Zeus' Weinen,"Laut, ekstatisch"
Silenos,Minor,Trunkenheit,Begleiter von Dionysos,"Wurde von Midas gefangen, weise in Trunkenheit","Trunken, prophetisch"
Kaikias,Windgott,Nordostwind,Sohn von Astraios und Eos,Bringt Hagel,"Kalt, hart"
Apeliotes,Windgott,Südostwind,Sohn von Astraios und Eos,"Bringt leichten Regen, fruchtbar",Nährend
Skiron,Windgott,Nordwestwind,Sohn von Astraios und Eos,Bringt Trockenheit,"Dürr, heiß"
Lips,Windgott,Südwestwind,Sohn von Astraios und Eos,Bringt Stürme ins Mittelmeer,Gefährlich für Schiffe
Phosphoros,Sternengott,Morgenstern,Sohn von Astraios und Eos,Führt den Tag an,Strahlend
Hesperos,Sternengott,Abendstern,Sohn von Astraios und Eos,Bringt den Abend,"Sanft, beruhigend"
Alkyoneus,Gigant,"Kraft, Unsterblichkeit (in Heimat)",Sohn von Gaia und Tartaros,Von Herakles getötet,"Riesig, rebellisch"
Porphyrion,Gigant,König der Giganten,Sohn von Gaia und Tartaros,"Griff Hera an, von Zeus/Herakles getötet","Anführer, aggressiv"
Enkelados,Gigant,"Feuer, Zerstörung",Sohn von Gaia und Tartaros,Von Athene unter Sizilien begraben,Verursacht Vulkanausbrüche
Ephialtes,Gigant,Kampfkraft,Sohn von Gaia und Tartaros,Pfeile in beide Augen von Apollon und Herakles,"Blind, besiegt"
Klytios,Gigant,Magie,Sohn von Gaia und Tartaros,Von Hekate mit Fackeln verbrannt,"Magisch, machtlos"
Polybotes,Gigant,Meereszerstörer,Sohn von Gaia und Tartaros,Von Poseidon unter Insel Nisyros begraben,Eingesperrt
Hippolytos,Gigant,Schwertkämpfer,Sohn von Gaia und Tartaros,Von Hermes im Unsichtbarkeitshut getötet,Überrumpelt
Gration,Gigant,Bogenschütze,Sohn von Gaia und Tartaros,Von Artemis getötet,Getroffen
Agrios,Gigant,Wildheit,Sohn von Gaia und Tartaros,Von Moiren mit Bronzekeulen erschlagen,Brutal
Thoas,Gigant,Schnelligkeit,Sohn von Gaia und Tartaros,Von Moiren erschlagen,"Schnell, besiegt"
Mimas,Gigant,Kraft,Sohn von Gaia und Tartaros,Von Hephaistos mit heißem Metall übergossen,Verbrannt
Herakles,Olympier,"Kraft, Heldenmut",Sohn von Zeus und Alkmene (vergöttlicht),"Erfüllte 12 Arbeiten, heiratete Hebe","Stolz, stärkster Halbgott"
Kastor,Minor,Reitkunst,Sohn von Tyndareos und Leda (Dioskuren),"Vergöttlicht, teilt Unsterblichkeit",Brüderlich
Polydeukes,Minor,Faustkampf,Sohn von Zeus und Leda (Dioskuren),Teilte seine Unsterblichkeit mit Kastor,Aufopfernd
Ariadne,Minor,"Pfade, Labyrinthe","Tochter des Minos, Frau des Dionysos","Von Theseus verlassen, vom Gott gerettet",Glücklich mit Dionysos
Psyche,Minor,Seele,Frau des Eros,Meisterte Prüfungen der Aphrodite,"Liebend, ausdauernd"
Leukothea,Meeresgöttin,Retterin von Schiffbrüchigen,"Ino, von Göttern verwandelt",Half Odysseus mit Schleier,"Hilfsbereit, tragische Vorgeschichte"
Palaemon,Meeresgott,Häfen,"Melikertes, Sohn der Ino",Wird auf Delphin reitend dargestellt,Freundlich
Minos,Unterwelt-Richter,Gesetz,Sohn von Zeus und Europa,Richtet die Seelen,"Streng, endgültig"
Rhadamanthys,Unterwelt-Richter,Gerechtigkeit,Sohn von Zeus und Europa,Richter der asiatischen Seelen,"Gerecht, unbestechlich"
Aiakos,Unterwelt-Richter,Integrität,Sohn von Zeus und Aigina,Bewacht Schlüssel der Unterwelt,"Pietätvoll, vertrauenswürdig"
Metis,Okeanide,"Guter Rat, List",Tochter von Oceanus,"Erste Frau des Zeus, von ihm verschlungen","Mutter der Athene, klug"
Eurynome,Okeanide,Weiden,Tochter von Oceanus,Mutter der Chariten mit Zeus,Sanft
Perseis,Okeanide,Magie,Tochter von Oceanus,"Frau des Helios, Mutter der Kirke",Magisch
Idyia,Okeanide,Wissen,Tochter von Oceanus,"Frau des Aietes, Königin von Kolchis",Wissend
Kallirrhoe,Okeanide,Schöne Quelle,Tochter von Oceanus,"Ehefrau des Chrysaor, Mutter des Geryon",Fruchtbar
Pleione,Okeanide,Sternhaufen (Plejaden),Tochter von Oceanus,Mutter der 7 Plejaden mit Atlas,Mütterlich
Melia,Okeanide,Esche,Tochter von Oceanus,Gebar Ismenos und Teneros mit Apollon,Verehrt in Theben
Asie,Okeanide,Kontinent Asien,Tochter von Oceanus,Namensgeberin,Verankert
Hesione,Okeanide,Weitsicht,Tochter von Oceanus,Gefährtin des Prometheus,Tröstend
Elektra,Okeanide,Bernstein,Tochter von Oceanus,Mutter von Iris und den Harpyien,Strahlend
Dione,Okeanide/Titanin,Himmel,Tochter von Oceanus (oder Uranos),Mutter von Aphrodite (in Iliade),"Mütterlich, himmlisch"
Pluto,Okeanide,Reichtum,Tochter von Oceanus,Mutter des Tantalos,Verleiht Wohlstand
Typhon,Monstergott,"Stürme, Zerstörung",Sohn von Tartaros und Gaia,"Kämpfte gegen Zeus, unter Ätna begraben","Monströs, Feind aller Götter"
Echidna,Monstergöttin,Mutter der Monster,Tochter von Phorkys und Keto,"Gebar Kerberos, Hydra, Sphinx etc.","Halb Frau, halb Schlange, grausam"
Chimaira,Monster,Feuer,Tochter von Typhon und Echidna,Von Bellerophon getötet,"Löwe, Ziege, Schlange"
Sphinx,Monster,Rätsel,Tochter von Typhon und Echidna,"Tötete Thebaner, die Rätsel nicht lösten","Intelligent, tödlich"
Hydra,Monster,Gift,Tochter von Typhon und Echidna,Von Herakles erschlagen,"Vielköpfig, giftig"
Kerberos,Monster,Höllenhund,Sohn von Typhon und Echidna,Bewacht Tor zur Unterwelt,"Treu zu Hades, furchteinflößend"
Orthos,Monster,Zweiköpfiger Hund,Sohn von Typhon und Echidna,Bewachte Rinder des Geryon,Von Herakles getötet
Ladon,Monster,Drache,Sohn von Typhon und Echidna,Bewachte Goldene Äpfel der Hesperiden,"Wachsam, gefährlich"
Nemeischer Löwe,Monster,Unverwundbarkeit,Sohn von Typhon und Echidna,Von Herakles erwürgt,Undurchdringliches Fell
Krommyonische Sau,Monster,Zerstörung,Tochter von Typhon und Echidna,Von Theseus getötet,"Wild, wütend"
Othos,Aloaden (Riese),Übermut,Sohn von Poseidon,"Sperrte Ares in eine Vase, wollte Hera heiraten",Von Apollon getötet
Ephialtes (Aloade),Aloaden (Riese),Kühnheit,Sohn von Poseidon,"Wollte Artemis heiraten, erschossen",Überheblich
Tityos,Riese,Lust,Sohn von Zeus und Elara,"Wollte Leto vergewaltigen, Geier frisst Leber",Ewig bestraft in Unterwelt
Antaios,Riese,Erdkraft,Sohn von Poseidon und Gaia,Unbesiegbar solange er Boden berührt,Von Herakles in der Luft erdrückt
Orion,Riese/Jäger,Jagd,Sohn von Poseidon,"Mit Artemis gejagt, von Skorpion getötet",In Sternbild verwandelt
Polyphem,Kyklop,"Hirten, Kraft",Sohn von Poseidon,Von Odysseus geblendet,"Wild, menschenfressend"
Brontes,Älterer Kyklop,Donner,Sohn von Uranos und Gaia,Schmiedete Zeus' Blitze,"Kräftig, loyal zu Zeus"
Steropes,Älterer Kyklop,Blitz,Sohn von Uranos und Gaia,Schmiedete Zeus' Blitze,Meisterschmied
Arges,Älterer Kyklop,Strahl,Sohn von Uranos und Gaia,Schmiedete Zeus' Blitze,Hell leuchtend
Kottos,Hekatoncheir,Hundert Arme,Sohn von Uranos und Gaia,Bewacht Titanen im Tartaros,Gewaltig
Briareos,Hekatoncheir,Kraft,Sohn von Uranos und Gaia,Half Zeus bei Rebellion der Götter,Loyal zu Zeus
Gyges,Hekatoncheir,Stärke,Sohn von Uranos und Gaia,Bewacht Tartaros,"Schrecklich, loyal"